clusters,silScore
2,0.5990729269639722
3,0.526869582882201
4,0.5055880395791061
5,0.4438089064041069
6,0.4402458569037605
7,0.3864349661671843
